City_ID,City,Country,Date,Lat,Lng,Max Temp,Humidity,Cloudiness,Wind Speed
0,Hobart,AU,2022-06-22 23:31:32,-42.8794,147.3294,56.23,79,99,3.0
1,Viedma,AR,2022-06-22 23:34:36,-40.8135,-62.9967,35.98,60,11,3.13
2,Punta Arenas,CL,2022-06-22 23:32:08,-53.15,-70.9167,37.51,70,75,11.5
3,Saint-Philippe,RE,2022-06-22 23:34:37,-21.3585,55.7679,62.19,83,15,14.03
4,Vaitape,PF,2022-06-22 23:34:37,-16.5167,-151.75,80.35,63,9,9.13
5,Nikolskoye,RU,2022-06-22 23:34:38,59.7035,30.7861,49.91,73,46,2.17
6,Novyy Yegorlyk,RU,2022-06-22 23:34:38,46.3927,41.8716,59.02,66,28,8.66
7,Ushuaia,AR,2022-06-22 23:29:51,-54.8,-68.3,37.06,87,75,27.63
8,Rikitea,PF,2022-06-22 23:34:39,-23.1203,-134.9692,75.33,77,50,16.87
9,Grindavik,IS,2022-06-22 23:34:39,63.8424,-22.4338,46.35,93,75,12.66
10,Mataura,NZ,2022-06-22 23:34:40,-46.1927,168.8643,43.14,53,99,2.37
11,Tiksi,RU,2022-06-22 23:34:40,71.6872,128.8694,43.23,59,36,21.39
12,Port Elizabeth,ZA,2022-06-22 23:34:40,-33.918,25.5701,61.11,89,92,2.3
13,Muncar,ID,2022-06-22 23:34:41,-8.4333,114.3333,78.58,86,90,8.14
14,Avarua,CK,2022-06-22 23:34:41,-21.2078,-159.775,84.25,74,75,17.27
15,Thompson,CA,2022-06-22 23:34:42,55.7435,-97.8558,75.36,33,75,8.05
16,Riyadh,SA,2022-06-22 23:30:40,24.6877,46.7219,95.14,11,14,4.72
17,Bluff,NZ,2022-06-22 23:34:42,-46.6,168.3333,42.91,60,94,7.11
18,Severo-Kurilsk,RU,2022-06-22 23:34:43,50.6789,156.125,47.98,87,84,17.34
19,Carnarvon,AU,2022-06-22 23:34:43,-24.8667,113.6333,66.47,80,4,11.68
20,Hun,LY,2022-06-22 23:34:44,29.1268,15.9477,77.49,41,0,8.19
21,Luanda,AO,2022-06-22 23:33:13,-8.8368,13.2343,66.49,88,26,6.33
22,Robertsport,LR,2022-06-22 23:34:44,6.7533,-11.3686,79.2,80,92,8.14
23,Banda Aceh,ID,2022-06-22 23:34:45,5.5577,95.3222,77.92,86,100,11.92
24,Ballina,AU,2022-06-22 23:34:45,-28.8667,153.5667,62.02,83,34,4.23
25,Arraial Do Cabo,BR,2022-06-22 23:32:53,-22.9661,-42.0278,71.04,85,3,20.15
26,Busselton,AU,2022-06-22 23:34:46,-33.65,115.3333,59.74,83,96,9.1
27,Batavia,US,2022-06-22 23:34:46,41.85,-88.3126,89.4,35,0,16.11
28,Ewa Beach,US,2022-06-22 23:34:08,21.3156,-158.0072,85.95,52,40,19.57
29,Airai,TL,2022-06-22 23:33:50,-8.9266,125.4092,63.63,73,87,5.3
30,The Valley,AI,2022-06-22 23:34:47,18.217,-63.0578,82.54,74,20,8.05
31,Castro,BR,2022-06-22 23:34:48,-24.7911,-50.0119,59.68,89,0,5.12
32,Vila Velha,BR,2022-06-22 23:34:15,-20.3297,-40.2925,73.35,91,0,6.91
33,Roma,US,2022-06-22 23:34:48,43.2128,-75.4557,71.87,77,75,16.11
34,La Libertad,EC,2022-06-22 23:34:49,-2.2333,-80.9,71.26,83,40,12.66
35,Angoche,MZ,2022-06-22 23:34:49,-16.2325,39.9086,70.36,79,9,8.72
36,Katsuura,JP,2022-06-22 23:34:50,35.1333,140.3,73.11,89,99,8.57
37,Hithadhoo,MV,2022-06-22 23:34:51,-0.6,73.0833,83.64,70,75,7.67
38,Campoverde,PE,2022-06-22 23:34:51,-8.4753,-74.8058,85.69,68,90,1.28
39,Kandava,LV,2022-06-22 23:34:51,57.0409,22.7747,50.63,88,42,3.65
40,Jamestown,US,2022-06-22 23:31:59,42.097,-79.2353,80.24,47,0,11.5
41,Brownwood,US,2022-06-22 23:33:42,31.7093,-98.9912,100.4,30,0,12.66
42,Gaoual,GN,2022-06-22 23:34:52,11.75,-13.2,81.37,70,50,2.98
43,Batemans Bay,AU,2022-06-22 23:34:53,-35.7167,150.1833,47.1,59,79,3.29
44,Saint George,US,2022-06-22 23:34:53,37.1041,-113.5841,94.62,14,0,14.97
45,Khatanga,RU,2022-06-22 23:34:54,71.9667,102.5,52.43,43,91,14.99
46,Ilulissat,GL,2022-06-22 23:35:54,69.2167,-51.1,37.42,81,75,3.44
47,Sola,VU,2022-06-22 23:35:54,-13.8833,167.55,80.01,80,98,17.76
48,Ust-Kuyga,RU,2022-06-22 23:35:55,70.0167,135.6,48.36,47,14,9.15
49,Olafsvik,IS,2022-06-22 23:35:55,64.8945,-23.7142,43.65,66,46,22.41
50,Dikson,RU,2022-06-22 23:35:56,73.5069,80.5464,38.05,91,100,15.28
51,San Jeronimo,PE,2022-06-22 23:35:56,-11.9472,-75.2829,47.16,69,27,5.91
52,Port Alfred,ZA,2022-06-22 23:35:57,-33.5906,26.891,62.73,81,85,10.13
53,Barrow,US,2022-06-22 23:35:57,71.2906,-156.7887,42.82,87,100,12.66
54,Ribeira Grande,PT,2022-06-22 23:35:58,38.5167,-28.7,65.5,84,82,17.07
55,Broome,US,2022-06-22 23:35:58,42.2506,-75.833,68.2,79,100,11.5
56,Mogapinyana,BW,2022-06-22 23:35:59,-22.3667,27.6,53.85,72,0,11.63
57,Spirit River,CA,2022-06-22 23:35:22,55.7833,-118.8361,66.63,47,73,8.79
58,Rocha,UY,2022-06-22 23:35:26,-34.4833,-54.3333,49.15,77,98,10.38
59,Sao Filipe,CV,2022-06-22 23:35:59,14.8961,-24.4956,75.78,91,48,3.83
60,Labuhan,ID,2022-06-22 23:36:00,-6.8844,112.2051,77.83,81,99,6.69
61,Nabisar,PK,2022-06-22 23:36:00,25.0685,69.6419,88.23,58,22,10.85
62,Atuona,PF,2022-06-22 23:36:01,-9.8,-139.0333,77.99,67,48,17.81
63,Puerto Ayora,EC,2022-06-22 23:36:01,-0.7393,-90.3518,70.56,93,70,5.99
64,Cape Town,ZA,2022-06-22 23:36:02,-33.9258,18.4232,61.12,92,91,3.44
65,San Cristobal,VE,2022-06-22 23:35:04,7.7669,-72.225,78.98,84,10,2.53
66,Kuryk,KZ,2022-06-22 23:36:02,43.2,51.65,78.42,43,0,3.47
67,Bairiki,KI,2022-06-22 23:36:03,1.3292,172.9752,86.0,70,20,9.22
68,Yarmouth,US,2022-06-22 23:36:03,41.7057,-70.2286,67.14,83,20,11.5
69,Saskylakh,RU,2022-06-22 23:36:04,71.9167,114.0833,51.4,41,28,9.35
70,Great Yarmouth,GB,2022-06-22 23:36:04,52.6083,1.7305,59.02,88,17,8.08
71,Manicore,BR,2022-06-22 23:36:05,-5.8092,-61.3003,76.95,94,0,1.14
72,Cabo San Lucas,MX,2022-06-22 23:32:49,22.8909,-109.9124,93.61,45,0,16.11
73,Narsaq,GL,2022-06-22 23:36:06,60.9167,-46.05,53.82,52,1,1.95
74,Kapaa,US,2022-06-22 23:36:06,22.0752,-159.319,82.38,76,20,16.11
75,Olinda,BR,2022-06-22 23:36:07,-8.0089,-34.8553,69.53,94,75,5.75
76,Sakaiminato,JP,2022-06-22 23:36:07,35.55,133.2333,80.58,74,75,5.75
77,Lebu,CL,2022-06-22 23:36:07,-37.6167,-73.65,48.65,90,100,8.93
78,Vilyuysk,RU,2022-06-22 23:36:08,63.7553,121.6247,72.81,49,89,3.76
79,Albany,US,2022-06-22 23:36:08,42.6001,-73.9662,64.89,79,97,3.0
80,Ancud,CL,2022-06-22 23:33:47,-41.8697,-73.8203,37.22,76,46,6.82
81,Cherskiy,RU,2022-06-22 23:36:09,68.75,161.3,59.68,53,100,17.07
82,Tamiahua,MX,2022-06-22 23:36:09,21.2667,-97.45,80.29,82,64,7.63
83,Abu Dhabi,AE,2022-06-22 23:32:47,24.4667,54.3667,93.31,65,0,1.14
84,Butaritari,KI,2022-06-22 23:36:10,3.0707,172.7902,81.48,77,89,11.3
85,Akureyri,IS,2022-06-22 23:36:11,65.6835,-18.0878,40.93,75,75,14.97
86,Pimentel,PE,2022-06-22 23:36:11,-6.8367,-79.9342,64.69,68,0,19.57
87,Mahebourg,MU,2022-06-22 23:36:12,-20.4081,57.7,70.09,78,20,10.36
88,Resistencia,AR,2022-06-22 23:36:12,-27.4606,-58.9839,53.11,90,100,8.05
89,Vigrestad,NO,2022-06-22 23:36:13,58.5667,5.7,56.97,94,96,2.08
90,Longyearbyen,SJ,2022-06-22 23:36:13,78.2186,15.6401,44.44,65,75,14.97
91,Mar Del Plata,AR,2022-06-22 23:36:13,-38.0023,-57.5575,43.95,60,75,7.0
92,Sao Felix Do Xingu,BR,2022-06-22 23:36:14,-6.6447,-51.995,77.85,63,96,1.19
93,Flinders,AU,2022-06-22 23:36:14,-34.5833,150.8552,59.05,70,66,5.99
94,Kavieng,PG,2022-06-22 23:37:15,-2.5744,150.7967,82.89,72,100,4.88
95,Santa Cruz,BO,2022-06-22 23:34:04,-17.8,-63.1667,78.85,61,40,17.27
96,Dingle,PH,2022-06-22 23:37:16,10.9995,122.6711,81.95,79,84,4.45
97,Nanortalik,GL,2022-06-22 23:37:16,60.1432,-45.2371,41.5,77,1,18.57
98,Provideniya,RU,2022-06-22 23:37:16,64.3833,-173.3,41.36,100,100,15.99
99,Meiganga,CM,2022-06-22 23:37:17,6.5167,14.3,63.77,98,43,1.61
100,Adrar,MR,2022-06-22 23:37:17,20.5022,-10.0711,90.07,29,1,11.92
101,Qasigiannguit,GL,2022-06-22 23:37:18,68.8193,-51.1922,37.65,97,99,2.04
102,Las Lajas,AR,2022-06-22 23:37:18,-38.5232,-70.3674,33.1,80,100,1.28
103,Qaanaaq,GL,2022-06-22 23:37:19,77.484,-69.3632,39.43,62,11,2.89
104,Birjand,IR,2022-06-22 23:37:19,32.8663,59.2211,75.67,16,0,18.41
105,Cabedelo,BR,2022-06-22 23:37:20,-6.9811,-34.8339,70.47,85,100,5.5
106,Hualmay,PE,2022-06-22 23:37:20,-11.0964,-77.6139,62.51,79,5,11.65
107,Esperance,AU,2022-06-22 23:37:21,-33.8667,121.9,57.74,84,52,12.28
108,Caravelas,BR,2022-06-22 23:37:21,-17.7125,-39.2481,70.68,88,2,4.72
109,Anloga,GH,2022-06-22 23:37:21,5.7947,0.8973,76.64,86,99,10.2
110,Korla,CN,2022-06-22 23:37:22,41.7597,86.1469,83.43,17,15,7.94
111,Hilo,US,2022-06-22 23:36:57,19.7297,-155.09,82.27,85,100,4.61
112,Souillac,MU,2022-06-22 23:37:23,-20.5167,57.5167,70.18,78,20,10.36
113,Pochinki,RU,2022-06-22 23:37:23,54.6988,44.8668,55.42,83,99,8.21
114,Torbay,CA,2022-06-22 23:37:24,47.6666,-52.7314,63.37,67,40,12.66
115,Tual,ID,2022-06-22 23:37:24,-5.6667,132.75,81.57,80,94,19.62
116,Mazatlan,MX,2022-06-22 23:32:33,23.2167,-106.4167,91.36,52,75,12.66
117,Kalmunai,LK,2022-06-22 23:37:25,7.4167,81.8167,79.56,76,100,5.06
118,Isangel,VU,2022-06-22 23:34:09,-19.55,169.2667,75.31,78,75,2.3
119,La Ronge,CA,2022-06-22 23:37:25,55.1001,-105.2842,66.45,59,75,4.61
120,Tasiilaq,GL,2022-06-22 23:37:26,65.6145,-37.6368,39.36,80,7,6.38
121,Havelock,US,2022-06-22 23:37:26,34.8791,-76.9013,84.18,84,95,4.0
122,Subtanjalla,PE,2022-06-22 23:37:27,-14.0189,-75.7581,60.75,72,24,3.44
123,Ontario,US,2022-06-22 23:37:03,34.0633,-117.6509,98.1,34,75,11.5
124,Kruisfontein,ZA,2022-06-22 23:37:27,-34.0033,24.7314,58.89,60,99,5.1
125,Denpasar,ID,2022-06-22 23:37:28,-8.65,115.2167,80.26,89,75,14.97
126,Maryborough,AU,2022-06-22 23:37:28,-25.5333,152.7,62.11,58,0,3.76
127,Northam,GB,2022-06-22 23:37:29,51.0333,-4.2167,62.38,87,0,1.45
128,Bowen,AU,2022-06-22 23:37:29,-20.0167,148.2333,69.46,66,32,15.75
129,Saldanha,ZA,2022-06-22 23:37:30,-33.0117,17.9442,59.05,91,62,6.49
130,New Norfolk,AU,2022-06-22 23:37:30,-42.7826,147.0587,55.89,83,100,1.01
131,Praya,CV,2022-06-22 23:34:06,14.9215,-23.5087,77.54,88,75,11.5
132,Kloulklubed,PW,2022-06-22 23:33:49,7.0419,134.2556,81.1,71,98,6.46
133,Filingue,NE,2022-06-22 23:37:31,14.3521,3.3168,87.33,43,93,7.63
134,Vila Franca Do Campo,PT,2022-06-22 23:37:31,37.7167,-25.4333,63.19,83,74,10.6
135,Port-Cartier,CA,2022-06-22 23:37:32,50.0334,-66.8654,55.74,88,98,4.79
136,Husavik,IS,2022-06-22 23:37:32,66.0449,-17.3389,38.71,87,100,15.05
137,Laguna,US,2022-06-22 23:37:33,38.421,-121.4238,102.29,23,0,16.11
138,Beringovskiy,RU,2022-06-22 23:37:33,63.05,179.3167,47.43,83,100,12.82
139,Kang,BW,2022-06-22 23:37:34,-23.6752,22.7876,54.12,32,77,6.62
140,Zhanakorgan,KZ,2022-06-22 23:37:34,43.9098,67.2495,77.18,54,83,16.49
141,Zhangjiakou,CN,2022-06-22 23:37:34,40.81,114.8794,69.62,56,0,2.86
142,San Policarpo,PH,2022-06-22 23:37:35,12.1791,125.5072,81.54,79,100,5.95
143,Pachino,IT,2022-06-22 23:37:35,36.7186,15.0907,77.5,56,10,7.43
144,Manga,BF,2022-06-22 23:38:36,11.6636,-1.0731,77.99,74,67,7.05
145,Iqaluit,CA,2022-06-22 23:38:36,63.7506,-68.5145,42.53,65,75,9.22
146,Georgetown,MY,2022-06-22 23:37:05,5.4112,100.3354,77.9,97,40,3.44
147,Batagay-Alyta,RU,2022-06-22 23:38:37,67.8006,130.4114,49.06,67,96,3.8
148,Torres,BR,2022-06-22 23:35:57,-29.3353,-49.7269,71.83,98,98,2.55
149,Catamarca,AR,2022-06-22 23:38:38,-28.4696,-65.7852,47.77,63,50,1.99
150,Yar-Sale,RU,2022-06-22 23:38:38,66.8333,70.8333,67.53,66,8,4.59
151,Aktash,RU,2022-06-22 23:38:39,50.3,87.7333,55.71,58,5,2.66
152,Tacuati,PY,2022-06-22 23:38:39,-23.45,-56.5833,73.26,74,65,6.13
153,Hermanus,ZA,2022-06-22 23:38:40,-34.4187,19.2345,59.81,87,97,10.42
154,Manzanillo,CU,2022-06-22 23:38:40,20.3433,-77.1167,78.08,79,86,6.35
155,Muros,ES,2022-06-22 23:38:41,42.7762,-9.0603,61.09,88,95,4.16
156,Onega,RU,2022-06-22 23:38:41,63.9061,38.1404,45.91,86,59,3.8
157,Cotonou,BJ,2022-06-22 23:37:57,6.3654,2.4183,75.34,89,100,9.86
158,Fare,PF,2022-06-22 23:38:42,-16.7,-151.0167,80.8,63,10,8.97
159,Nemuro,JP,2022-06-22 23:38:42,43.3236,145.575,50.47,91,100,7.7
160,Cidreira,BR,2022-06-22 23:38:43,-30.1811,-50.2056,61.92,97,99,5.61
161,Nuuk,GL,2022-06-22 23:35:41,64.1835,-51.7216,38.01,93,75,5.75
162,Bredasdorp,ZA,2022-06-22 23:38:43,-34.5322,20.0403,59.58,79,99,6.53
163,Zverinogolovskoye,RU,2022-06-22 23:38:44,54.4586,64.8542,56.53,86,7,7.25
164,Bac Lieu,VN,2022-06-22 23:38:44,9.285,105.7244,82.04,79,100,3.11
165,Karratha,AU,2022-06-22 23:38:45,-20.7377,116.8463,70.03,36,0,11.18
166,Urengoy,RU,2022-06-22 23:38:45,65.9667,78.3667,71.01,60,15,6.04
167,Beloha,MG,2022-06-22 23:36:49,-25.1667,45.05,60.87,60,46,10.49
168,Chokwe,MZ,2022-06-22 23:38:46,-24.5333,32.9833,62.33,73,48,2.68
169,Antofagasta,CL,2022-06-22 23:36:03,-23.65,-70.4,56.48,67,80,1.61
170,Osorno,CL,2022-06-22 23:38:47,-40.5667,-73.15,34.11,93,0,0.0
171,Saint-Joseph,RE,2022-06-22 23:38:47,-21.3667,55.6167,61.18,84,22,12.17
172,Manaure,CO,2022-06-22 23:38:48,11.7751,-72.4445,84.58,67,59,15.08
173,Tuktoyaktuk,CA,2022-06-22 23:38:48,69.4541,-133.0374,55.4,62,100,8.05
174,Yellowknife,CA,2022-06-22 23:34:16,62.456,-114.3525,68.56,30,20,10.36
175,Japura,ID,2022-06-22 23:38:49,-0.3167,102.35,73.69,98,92,0.83
176,Gamba,GA,2022-06-22 23:38:49,-2.65,10.0,68.4,91,11,5.14
177,Jamapa,MX,2022-06-22 23:38:50,19.0333,-96.2333,82.47,65,75,20.71
178,Sao Gabriel Da Cachoeira,BR,2022-06-22 23:38:50,-0.1303,-67.0892,74.5,92,56,0.11
179,Saint-Francois,FR,2022-06-22 23:38:51,46.4154,3.9054,63.84,88,0,3.44
180,Bubaque,GW,2022-06-22 23:38:51,11.2833,-15.8333,81.63,82,96,11.79
181,Ouesso,CG,2022-06-22 23:38:52,1.6136,16.0517,69.93,98,98,1.86
182,Djambala,CG,2022-06-22 23:38:52,-2.5447,14.7533,68.43,86,65,2.28
183,Bereda,ES,2022-06-22 23:37:57,43.2686,-7.5406,57.15,100,100,1.86
184,Hastings,GB,2022-06-22 23:38:53,50.8552,0.5729,60.33,83,15,10.18
185,Praia,CV,2022-06-22 23:38:54,14.9215,-23.5087,77.54,88,75,11.5
186,Leningradskiy,RU,2022-06-22 23:38:54,69.3833,178.4167,50.16,55,51,10.76
187,Altay,CN,2022-06-22 23:39:55,47.8667,88.1167,74.93,35,2,5.84
188,Biak,ID,2022-06-22 23:39:55,-0.9131,122.8766,78.13,83,97,5.19
189,San Carlos De Bariloche,AR,2022-06-22 23:39:56,-41.1456,-71.3082,31.75,80,75,3.44
190,Rabo De Peixe,PT,2022-06-22 23:39:56,37.8,-25.5833,62.28,91,40,31.07
191,Los Llanos De Aridane,ES,2022-06-22 23:39:56,28.6585,-17.9182,65.95,89,75,11.5
192,Changying,CN,2022-06-22 23:39:57,52.8733,123.3213,60.31,92,88,1.72
193,Itarema,BR,2022-06-22 23:39:57,-2.9248,-39.9167,75.38,86,76,10.25
194,Meulaboh,ID,2022-06-22 23:39:58,4.1363,96.1285,74.84,88,99,5.28
195,Asau,RO,2022-06-22 23:39:58,46.4333,26.4,58.28,78,39,4.81
196,Caxito,AO,2022-06-22 23:39:59,-8.5785,13.6643,63.3,97,8,2.19
197,Savannah Bight,HN,2022-06-22 23:39:59,16.45,-85.85,81.07,78,100,14.63
198,Juruti,BR,2022-06-22 23:39:59,-2.1522,-56.0922,76.98,72,52,3.71
199,Anopino,RU,2022-06-22 23:40:00,55.6981,40.6671,49.23,93,26,6.44
200,Swabi,PK,2022-06-22 23:40:00,34.1199,72.4699,72.28,54,92,4.07
201,Mao,ES,2022-06-22 23:35:21,39.8885,4.2658,75.76,78,0,11.5
202,Mayumba,GA,2022-06-22 23:40:01,-3.432,10.6554,68.76,91,15,5.32
203,Victoria,HK,2022-06-22 23:35:41,22.2855,114.1577,87.33,81,33,1.99
204,Faanui,PF,2022-06-22 23:40:02,-16.4833,-151.75,80.35,63,8,9.22
205,Vaini,TO,2022-06-22 23:40:02,-21.2,-175.2,77.16,61,20,11.5
206,Bethel,US,2022-06-22 23:40:03,41.3712,-73.414,62.37,93,98,1.99
207,Chokurdakh,RU,2022-06-22 23:40:03,70.6333,147.9167,43.86,48,65,14.58
208,Aksu,CN,2022-06-22 23:40:04,41.1231,80.2644,77.9,28,42,4.45
209,Srednekolymsk,RU,2022-06-22 23:40:05,67.45,153.6833,51.17,69,100,17.02
210,Labytnangi,RU,2022-06-22 23:40:05,66.6572,66.4183,63.82,85,19,9.53
211,Kapoeta,SS,2022-06-22 23:40:05,4.7717,33.5903,76.05,58,76,5.61
212,Snyder,US,2022-06-22 23:40:06,32.7179,-100.9176,97.14,17,40,6.91
213,Davila,PH,2022-06-22 23:40:06,18.4726,120.5763,78.78,73,98,2.64
214,Kaitangata,NZ,2022-06-22 23:40:07,-46.2817,169.8464,42.24,51,85,3.13
215,Kodiak,US,2022-06-22 23:40:07,57.79,-152.4072,63.91,55,0,5.75
216,Nara,JP,2022-06-22 23:35:31,34.6851,135.8049,83.97,60,28,3.33
217,Ginda,IN,2022-06-22 23:40:08,30.6945,78.4932,63.95,51,6,4.92
218,Sorland,NO,2022-06-22 23:40:09,67.667,12.6934,49.86,87,93,26.62
219,Samagaltay,RU,2022-06-22 23:40:09,50.6022,95.0047,65.35,53,5,3.24
220,Semikarakorsk,RU,2022-06-22 23:40:10,47.5194,40.8112,58.42,74,16,8.57
221,Puerto Escondido,MX,2022-06-22 23:40:10,15.85,-97.0667,77.83,69,100,8.05
222,Soyo,AO,2022-06-22 23:40:11,-6.1349,12.3689,70.09,88,27,5.97
223,Klyuchi,RU,2022-06-22 23:40:11,52.2667,79.1667,68.04,53,2,11.05
224,Taguatinga,BR,2022-06-22 23:40:12,-12.3857,-46.5711,77.99,37,40,5.19
225,Lyaskelya,RU,2022-06-22 23:40:12,61.7667,31.0167,50.49,81,100,3.51
226,Riwaka,NZ,2022-06-22 23:40:13,-41.0833,173.0,48.0,57,100,0.83
227,Chuy,UY,2022-06-22 23:40:13,-33.6971,-53.4616,51.24,66,95,10.33
228,Bengkulu,ID,2022-06-22 23:40:14,-3.8004,102.2655,74.98,90,100,4.03
229,Ayr,GB,2022-06-22 23:40:14,55.4627,-4.6339,57.51,88,100,4.61
230,Balabac,PH,2022-06-22 23:40:15,7.9868,117.0645,83.93,72,66,8.12
231,Impfondo,CG,2022-06-22 23:40:15,1.6381,18.0667,69.94,98,70,2.71
232,Karasuk,RU,2022-06-22 23:40:15,53.7377,78.0403,66.34,62,82,9.04
233,East London,ZA,2022-06-22 23:41:16,-33.0153,27.9116,63.86,79,77,13.78
234,Upernavik,GL,2022-06-22 23:41:16,72.7868,-56.1549,33.71,87,100,10.16
235,Inhambane,MZ,2022-06-22 23:41:17,-23.865,35.3833,68.41,70,89,8.75
236,Cockburn Town,TC,2022-06-22 23:41:17,21.4612,-71.1419,82.36,65,40,13.8
237,Sambava,MG,2022-06-22 23:41:18,-14.2667,50.1667,66.47,72,33,10.76
238,Miri,MY,2022-06-22 23:41:18,4.4148,114.0089,78.94,94,20,2.3
239,Yazman,PK,2022-06-22 23:41:19,29.1212,71.7446,83.41,52,0,11.86
240,Baon,PH,2022-06-22 23:41:19,6.7956,126.0878,80.98,77,76,1.61
241,Atherton,GB,2022-06-22 23:41:03,53.5237,-2.4935,62.74,80,29,1.99
242,Yuanping,CN,2022-06-22 23:41:20,38.7153,112.7575,74.55,54,0,3.06
243,Klaksvik,FO,2022-06-22 23:41:20,62.2266,-6.589,50.92,86,89,20.4
244,Atar,MR,2022-06-22 23:41:21,20.5169,-13.0499,93.7,30,16,10.13
245,Kahului,US,2022-06-22 23:41:21,20.8947,-156.47,86.02,60,40,21.85
246,Petropavlovsk-Kamchatskiy,RU,2022-06-22 23:41:22,53.0452,158.6483,64.78,63,0,6.71
247,Dhrangadhra,IN,2022-06-22 23:41:22,22.9833,71.4667,86.52,70,3,14.03
248,Gobabis,NA,2022-06-22 23:41:23,-22.45,18.9667,41.36,45,0,3.4
249,Brownsville,US,2022-06-22 23:41:24,25.9018,-97.4975,91.4,55,0,13.8
250,Itaqui,BR,2022-06-22 23:41:24,-29.1253,-56.5531,54.97,95,100,6.13
251,Shimoda,JP,2022-06-22 23:41:25,34.6667,138.95,72.1,87,89,5.14
252,Gorontalo,ID,2022-06-22 23:41:25,0.5412,123.0595,79.52,84,100,1.34
253,Praia Da Vitoria,PT,2022-06-22 23:40:21,38.7333,-27.0667,65.75,88,75,13.35
254,Scottsbluff,US,2022-06-22 23:37:48,41.8666,-103.6672,91.63,17,0,11.01
255,Quatre Cocos,MU,2022-06-22 23:41:26,-20.2078,57.7625,69.91,77,29,13.76
256,Copiapo,CL,2022-06-22 23:41:26,-27.3667,-70.3333,53.29,72,3,0.98
257,Port Augusta,AU,2022-06-22 23:41:27,-32.5,137.7667,58.35,69,64,12.3
258,Goure,NE,2022-06-22 23:41:28,13.9835,10.2704,89.02,34,22,6.29
259,Kysyl-Syr,RU,2022-06-22 23:41:28,63.8986,122.7617,72.41,54,65,4.52
260,Jiayuguan,CN,2022-06-22 23:41:29,39.8167,98.3,75.18,29,0,5.79
261,Iki-Burul,RU,2022-06-22 23:41:29,45.8208,44.6472,67.17,57,100,17.18
262,Nautla,MX,2022-06-22 23:41:30,20.2167,-96.7833,79.11,81,100,5.1
263,Tessalit,ML,2022-06-22 23:41:30,20.1986,1.0114,95.11,13,61,13.13
264,Perth,AU,2022-06-22 23:40:04,-31.9333,115.8333,57.34,97,75,5.75
265,Esna,EG,2022-06-22 23:41:31,25.2934,32.554,80.62,32,0,9.4
266,Diamantino,BR,2022-06-22 23:41:31,-14.4086,-56.4461,73.06,40,97,3.98
267,Manama,BH,2022-06-22 23:41:32,26.2154,50.5832,89.58,74,0,4.61
268,Sur,OM,2022-06-22 23:41:32,22.5667,59.5289,84.96,71,7,18.45
269,Keti Bandar,PK,2022-06-22 23:41:33,24.1447,67.4497,84.11,79,0,13.49
270,Road Town,VG,2022-06-22 23:37:25,18.4167,-64.6167,82.49,78,40,5.75
271,Houma,US,2022-06-22 23:41:33,29.5958,-90.7195,95.0,58,40,5.75
272,Valparaiso,CL,2022-06-22 23:41:15,-33.0393,-71.6273,56.84,78,100,11.5
273,Avera,US,2022-06-22 23:41:34,33.194,-82.5271,100.45,23,3,2.46
274,Sabang,ID,2022-06-22 23:41:35,5.8933,95.3214,80.49,81,96,18.7
275,Sinnamary,GF,2022-06-22 23:41:35,5.3833,-52.95,77.13,85,38,7.34
276,Concarneau,FR,2022-06-22 23:41:36,47.875,-3.9225,63.39,90,90,1.39
277,Goderich,CA,2022-06-22 23:41:36,43.7501,-81.7165,65.91,81,42,14.54
278,Hofn,IS,2022-06-22 23:42:37,64.2539,-15.2082,46.67,59,47,9.95
279,Sobolevo,RU,2022-06-22 23:42:37,54.4299,31.8996,51.84,92,35,10.65
280,Ugoofaaru,MV,2022-06-22 23:42:38,5.6667,73.0,82.56,76,99,10.42
281,Carmaux,FR,2022-06-22 23:42:38,44.051,2.158,66.47,96,46,3.67
282,Port Pirie,AU,2022-06-22 23:42:39,-33.1833,138.0167,58.46,71,83,15.43
283,Constantine,DZ,2022-06-22 23:42:39,36.365,6.6147,73.33,49,48,3.2
284,Poum,NC,2022-06-22 23:42:39,-20.2333,164.0167,72.79,61,100,5.66
285,Descalvado,BR,2022-06-22 23:42:40,-21.9039,-47.6194,59.88,54,9,2.53
286,Tahoua,NE,2022-06-22 23:42:40,14.8888,5.2692,87.73,36,76,9.6
287,Sovetskiy,RU,2022-06-22 23:42:41,61.3614,63.5842,58.5,97,56,3.27
288,Alyangula,AU,2022-06-22 23:42:41,-13.8483,136.4192,78.31,66,11,17.78
289,El Dorado,US,2022-06-22 23:40:24,38.7666,-120.5177,87.42,18,88,7.67
290,Quang Ngai,VN,2022-06-22 23:41:34,15.1167,108.8,78.96,72,100,1.63
291,Sitka,US,2022-06-22 23:42:42,57.0531,-135.33,53.49,87,100,3.44
292,Sayyan,YE,2022-06-22 23:42:43,15.1718,44.3244,65.05,43,85,2.93
293,Alekseyevsk,RU,2022-06-22 23:42:43,57.8406,108.3492,59.56,71,24,0.56
294,Biltine,TD,2022-06-22 23:42:43,14.5333,20.9167,88.41,28,96,4.97
295,Bambous Virieux,MU,2022-06-22 23:42:44,-20.3428,57.7575,70.05,78,20,10.36
296,Namatanai,PG,2022-06-22 23:42:45,-3.6667,152.4333,84.6,67,83,4.61
297,Miles City,US,2022-06-22 23:42:45,46.4083,-105.8406,83.37,26,0,8.05
298,Lagoa,PT,2022-06-22 23:42:45,39.05,-27.9833,64.27,84,100,14.58
299,Kirakira,SB,2022-06-22 23:42:46,-10.4544,161.9205,83.16,75,96,6.08
300,Chivilcoy,AR,2022-06-22 23:42:46,-34.8957,-60.0167,40.75,55,100,7.11
301,Nhulunbuy,AU,2022-06-22 23:42:47,-12.2333,136.7667,81.21,65,40,14.97
302,Fier,AL,2022-06-22 23:42:47,40.7239,19.5561,75.36,57,45,2.91
303,Samarai,PG,2022-06-22 23:42:48,-10.6167,150.6667,80.64,80,98,14.83
304,Harper,LR,2022-06-22 23:42:48,4.375,-7.7169,76.98,86,81,8.93
305,College,US,2022-06-22 23:42:49,64.8569,-147.8028,76.08,37,40,5.75
306,Dunedin,NZ,2022-06-22 23:38:05,-45.8742,170.5036,45.45,43,73,1.43
307,Luba,GQ,2022-06-22 23:42:49,3.4568,8.5547,76.8,88,94,9.64
308,Maine-Soroa,NE,2022-06-22 23:42:50,13.2114,12.0241,87.71,39,34,7.02
309,Alofi,NU,2022-06-22 23:42:50,-19.0595,-169.9187,80.49,74,40,12.66
310,Ahipara,NZ,2022-06-22 23:42:51,-35.1667,173.1667,58.44,60,45,4.99
311,Lucapa,AO,2022-06-22 23:42:51,-8.4192,20.7447,70.3,44,34,2.98
312,Plettenberg Bay,ZA,2022-06-22 23:42:52,-34.0527,23.3716,61.48,67,97,6.89
313,Siyabuswa,ZA,2022-06-22 23:42:52,-25.1132,29.0445,51.49,90,5,5.88
314,San Rafael,AR,2022-06-22 23:40:36,-34.6177,-68.3301,34.81,80,99,3.96
315,Yueyang,CN,2022-06-22 23:42:53,29.3333,113.0919,81.32,83,83,16.42
316,Kaliua,TZ,2022-06-22 23:42:53,-5.0606,31.7936,58.78,49,5,4.23
317,Tromso,NO,2022-06-22 23:42:54,69.6496,18.957,46.42,76,40,5.75
318,Guerrero Negro,MX,2022-06-22 23:42:54,27.9769,-114.0611,75.78,54,0,19.06
319,Fortuna,US,2022-06-22 23:42:55,40.5982,-124.1573,69.93,70,0,5.01
320,Lata,PT,2022-06-22 23:40:38,40.1629,-8.3327,57.92,96,17,1.86
321,Maurawan,IN,2022-06-22 23:42:55,26.4333,80.8833,86.04,43,55,5.88
322,Padang,ID,2022-06-22 23:42:56,-0.9492,100.3543,76.71,85,98,3.38
323,Haileybury,CA,2022-06-22 23:43:56,47.449,-79.6373,77.58,72,51,11.5
324,Chimbote,PE,2022-06-22 23:43:08,-9.0853,-78.5783,62.87,82,8,9.44
325,Jalu,LY,2022-06-22 23:43:57,29.0331,21.5482,78.42,55,0,10.6
326,Mount Gambier,AU,2022-06-22 23:43:57,-37.8333,140.7667,53.51,94,100,13.8
327,Temir,KZ,2022-06-22 23:43:58,49.1414,57.13,73.6,52,100,5.1
328,La Palma,US,2022-06-22 23:43:58,33.8464,-118.0467,100.67,50,75,9.22
329,Saint John,CA,2022-06-22 23:43:59,45.2727,-66.0677,56.43,82,75,9.22
330,Keuruu,FI,2022-06-22 23:43:59,62.2667,24.7,57.79,88,83,6.44
331,Vanimo,PG,2022-06-22 23:44:00,-2.6741,141.3028,83.59,69,31,5.39
332,Lompoc,US,2022-06-22 23:44:00,34.6391,-120.4579,77.85,70,0,12.66
333,Sept-Iles,CA,2022-06-22 23:44:01,50.2001,-66.3821,56.05,90,100,16.11
334,Caldwell,US,2022-06-22 23:40:22,43.6629,-116.6874,92.16,19,0,5.75
335,Khor,RU,2022-06-22 23:44:01,47.8861,134.9464,70.43,76,100,6.24
336,Arona,ES,2022-06-22 23:44:02,28.0996,-16.681,64.13,66,75,12.66
337,Hami,CN,2022-06-22 23:44:02,42.8,93.45,86.61,12,8,5.5
338,Zyryanka,RU,2022-06-22 23:44:03,65.75,150.85,58.71,71,99,17.05
339,Polson,US,2022-06-22 23:44:03,47.6936,-114.1632,81.21,33,30,10.0
340,Bandarbeyla,SO,2022-06-22 23:44:04,9.4942,50.8122,77.16,81,77,28.12
341,Huizhou,CN,2022-06-22 23:44:04,23.0833,114.4,82.51,82,38,3.58
342,Vila,PT,2022-06-22 23:44:05,42.0304,-8.1588,50.88,92,75,3.44
343,Namibe,AO,2022-06-22 23:44:05,-15.1961,12.1522,61.48,69,0,4.47
344,Bata,GQ,2022-06-22 23:44:06,1.8639,9.7658,75.16,84,94,7.38
345,Wanning,CN,2022-06-22 23:44:06,18.8003,110.3967,84.02,81,95,9.95
346,Flin Flon,CA,2022-06-22 23:44:07,54.7682,-101.865,64.24,68,100,10.36
347,Boende,CD,2022-06-22 23:44:07,-0.2167,20.8667,70.21,98,22,1.9
348,Nome,US,2022-06-22 23:44:08,64.5011,-165.4064,44.67,93,100,14.97
349,Cortez,US,2022-06-22 23:44:08,37.3489,-108.5859,74.16,43,100,12.66
350,Lavrentiya,RU,2022-06-22 23:44:08,65.5833,-171.0,44.82,86,91,9.04
351,Dwarka,IN,2022-06-22 23:44:09,22.2394,68.9678,84.54,77,91,11.65
352,Ostrovnoy,RU,2022-06-22 23:44:09,68.0531,39.5131,51.33,75,100,14.27
353,Hasaki,JP,2022-06-22 23:44:10,35.7333,140.8333,75.6,90,100,8.95
354,Ilhabela,BR,2022-06-22 23:43:37,-23.7781,-45.3581,72.09,67,1,3.62
355,El Porvenir,HN,2022-06-22 23:44:11,13.7617,-87.3458,78.13,81,99,3.51
356,Maposeni,TZ,2022-06-22 23:44:11,-10.5833,35.4,53.35,81,1,2.33
357,Marzuq,YE,2022-06-22 23:44:12,14.4,46.4667,80.8,33,88,4.16
358,Iquitos,PE,2022-06-22 23:44:12,-3.7481,-73.2472,75.24,94,20,1.14
359,Vrutky,SK,2022-06-22 23:44:12,49.1133,18.9171,60.46,79,100,4.25
360,Murdochville,CA,2022-06-22 23:44:13,48.9583,-65.5006,63.48,76,94,9.35
361,Tuatapere,NZ,2022-06-22 23:44:14,-46.1333,167.6833,46.26,58,90,3.67
362,Miyako,JP,2022-06-22 23:44:14,39.6367,141.9525,69.58,74,91,10.67
363,Sumenep,ID,2022-06-22 23:44:15,-7.0167,113.8667,80.49,80,100,12.57
364,Uray,RU,2022-06-22 23:44:15,60.1247,64.7758,58.24,91,9,4.25
365,Russell,US,2022-06-22 23:44:16,32.3502,-85.1999,100.0,30,0,9.22
366,Aksarka,RU,2022-06-22 23:44:16,66.5606,67.7975,62.13,83,7,11.5
367,Troyes,FR,2022-06-22 23:44:17,48.3333,4.0833,65.17,100,40,5.75
368,Selikhino,RU,2022-06-22 23:44:17,50.3672,137.4996,68.67,84,97,6.64
369,Konevo,RU,2022-06-22 23:44:18,62.1215,39.3192,43.72,91,7,2.33
370,Necochea,AR,2022-06-22 23:45:18,-38.5473,-58.7368,39.94,64,64,1.41
371,Pevek,RU,2022-06-22 23:45:18,69.7008,170.3133,45.34,59,100,12.77
372,Larsnes,NO,2022-06-22 23:45:19,62.2028,5.5773,58.44,88,100,15.99
373,Hamilton,US,2022-06-22 23:45:19,39.1834,-84.5333,79.25,92,20,5.75
374,Ambon,ID,2022-06-22 23:45:20,-3.6954,128.1814,78.94,89,40,4.61
375,Kelheim,DE,2022-06-22 23:45:20,48.9167,11.8667,66.45,97,91,2.53
376,Bekhtery,UA,2022-06-22 23:45:21,46.251,32.2927,59.94,76,55,15.41
377,Lahad Datu,MY,2022-06-22 23:45:21,5.0268,118.327,79.83,81,81,1.28
378,Aquin,HT,2022-06-22 23:45:22,18.2833,-73.4,79.0,83,77,3.58
379,Anguillara Sabazia,IT,2022-06-22 23:45:22,42.0875,12.2767,75.25,71,31,1.88
380,Tanggu,CN,2022-06-22 23:45:22,39.0211,117.6469,75.16,70,14,8.72
381,Pinotepa Nacional,MX,2022-06-22 23:45:23,16.3167,-98.0167,73.9,95,100,2.91
382,San Quintin,MX,2022-06-22 23:45:23,30.4833,-115.95,73.11,66,1,12.88
383,Novoagansk,RU,2022-06-22 23:45:24,61.9449,76.6625,60.28,90,98,5.23
384,Coatzintla,MX,2022-06-22 23:45:24,20.4833,-97.45,78.84,81,99,4.52
385,Balakhta,RU,2022-06-22 23:45:25,55.38,91.6,60.33,94,78,2.06
386,Anjozorobe,MG,2022-06-22 23:45:25,-18.4,47.8667,46.6,95,51,6.33
387,Basco,PH,2022-06-22 23:45:26,20.4487,121.9702,85.3,75,18,13.91
388,Rio Gallegos,AR,2022-06-22 23:41:33,-51.6226,-69.2181,35.65,75,0,17.27
389,Champerico,GT,2022-06-22 23:45:26,14.3,-91.9167,84.74,79,100,9.01
390,Poso,ID,2022-06-22 23:45:27,-1.3959,120.7524,80.46,74,100,2.93
391,Vardo,NO,2022-06-22 23:45:27,70.3705,31.1107,42.78,100,100,0.0
392,Lircay,PE,2022-06-22 23:45:28,-12.9896,-74.7205,44.98,80,52,3.06
393,Shelburne,CA,2022-06-22 23:44:13,44.0787,-80.2041,72.39,81,16,11.63
394,Gravdal,NO,2022-06-22 23:45:28,68.1214,13.5031,49.64,91,100,26.75
395,Mount Isa,AU,2022-06-22 23:45:29,-20.7333,139.5,67.77,37,0,12.66
396,Lumeje,AO,2022-06-22 23:45:29,-11.55,20.7833,60.85,48,0,5.59
397,Amapa,BR,2022-06-22 23:45:30,1.0,-52.0,71.51,98,12,0.45
398,Hearst,CA,2022-06-22 23:45:31,49.6835,-83.6665,71.85,45,39,3.38
399,Lahij,YE,2022-06-22 23:45:31,13.1667,44.5833,84.16,57,78,7.47
400,Olyka,UA,2022-06-22 23:45:31,50.7186,25.8125,52.93,93,21,7.45
401,Yenagoa,NG,2022-06-22 23:45:32,4.9247,6.2642,72.39,97,100,3.29
402,Tabory,RU,2022-06-22 23:45:32,58.5198,64.5495,60.4,99,97,4.47
403,Besikduzu,TR,2022-06-22 23:45:33,41.052,39.2284,71.49,86,90,9.75
404,Lanzhou,CN,2022-06-22 23:45:33,36.0564,103.7922,72.68,53,1,1.52
405,Ivdel,RU,2022-06-22 23:45:34,60.6911,60.4206,59.36,89,88,4.38
406,Hit,IQ,2022-06-22 23:45:34,33.6416,42.8251,84.51,30,0,10.94
407,Semirom,IR,2022-06-22 23:45:35,31.4167,51.5667,60.58,27,0,7.78
408,Eaglesham,GB,2022-06-22 23:45:35,55.7412,-4.2746,55.76,88,100,6.91
409,Broken Hill,AU,2022-06-22 23:45:36,-31.95,141.4333,56.23,60,91,11.25
410,Jizan,SA,2022-06-22 23:45:36,17.3333,42.6667,92.34,60,85,2.13
411,Qinhuangdao,CN,2022-06-22 23:45:36,39.9317,119.5883,77.67,68,23,6.53
412,Teguldet,RU,2022-06-22 23:45:37,57.3064,88.1667,60.91,94,38,3.6
413,Shu,KZ,2022-06-22 23:45:37,43.5983,73.7614,65.68,92,82,8.34
414,Lhokseumawe,ID,2022-06-22 23:45:38,5.1801,97.1507,76.44,87,100,4.88
415,Ndele,CF,2022-06-22 23:45:38,8.4109,20.6473,68.59,96,87,3.71
416,Sinazongwe,ZM,2022-06-22 23:46:39,-17.2614,27.4618,60.15,69,0,2.21
417,Thaba Nchu,ZA,2022-06-22 23:46:39,-29.2093,26.839,49.8,66,96,19.37
418,Havoysund,NO,2022-06-22 23:46:40,70.9963,24.6622,44.83,83,51,11.16
419,Saint Anthony,US,2022-06-22 23:46:40,45.0205,-93.218,84.88,41,40,10.36
420,Lorengau,PG,2022-06-22 23:46:41,-2.0226,147.2712,82.72,75,70,4.92
421,Sampit,ID,2022-06-22 23:46:41,-2.5333,112.95,74.44,97,100,1.88
422,Pinega,RU,2022-06-22 23:46:42,64.7001,43.3936,43.56,87,34,4.21
423,Ulkan,RU,2022-06-22 23:46:42,57.243,107.3223,58.84,72,39,2.64
424,Ponta Do Sol,PT,2022-06-22 23:46:42,32.6667,-17.1,66.83,69,75,5.68
425,Hondo,JP,2022-06-22 23:46:43,32.45,130.2,76.86,93,71,9.69
426,Tezu,IN,2022-06-22 23:46:43,27.9167,96.1667,76.64,94,97,1.81
427,Camana,PE,2022-06-22 23:46:44,-16.6228,-72.7111,61.21,83,75,4.9
428,Forbes,AU,2022-06-22 23:46:44,-33.3833,148.0167,52.07,75,100,3.49
429,Codrington,AU,2022-06-22 23:46:45,-38.2667,141.9667,54.91,79,100,16.89
430,Ellensburg,US,2022-06-22 23:46:45,46.9965,-120.5479,86.25,42,0,29.93
431,Port Blair,IN,2022-06-22 23:46:45,11.6667,92.75,78.84,89,75,2.3
432,Luderitz,NA,2022-06-22 23:46:46,-26.6481,15.1594,55.87,72,0,6.11
433,Ambagarh Chauki,IN,2022-06-22 23:46:46,20.7833,80.7167,76.98,84,53,5.91
434,Constitucion,CL,2022-06-22 23:46:47,-35.3333,-72.4167,52.21,85,100,12.75
435,Zharkent,KZ,2022-06-22 23:46:47,44.1628,80.0,76.28,39,64,3.69
436,Isiro,CD,2022-06-22 23:46:48,2.7739,27.616,64.51,95,82,1.39
437,Surt,LY,2022-06-22 23:46:48,31.2089,16.5887,74.91,75,0,8.23
438,Berlevag,NO,2022-06-22 23:46:49,70.8578,29.0864,42.75,87,75,4.61
439,Voloshka,RU,2022-06-22 23:46:49,61.3314,40.0858,42.75,93,5,1.1
440,Vagamo,NO,2022-06-22 23:46:49,61.8751,9.0967,55.87,75,100,4.41
441,Pisco,PE,2022-06-22 23:46:50,-13.7,-76.2167,61.02,77,100,11.5
442,Marawi,PH,2022-06-22 23:46:50,7.9986,124.2928,75.15,81,99,2.06
443,San Patricio,US,2022-06-22 23:46:51,28.017,-97.5169,93.92,51,3,14.47
444,Coquimbo,CL,2022-06-22 23:46:51,-29.9533,-71.3436,60.53,67,20,20.71
445,Pangnirtung,CA,2022-06-22 23:46:52,66.1451,-65.7125,49.37,61,3,1.57
446,Coos Bay,US,2022-06-22 23:46:52,43.3665,-124.2179,74.98,74,100,26.46
447,Pontianak,ID,2022-06-22 23:46:52,-0.0333,109.3333,75.18,94,75,4.61
448,Belmonte,BR,2022-06-22 23:46:53,-15.8631,-38.8828,72.59,87,4,5.64
449,Callaway,US,2022-06-22 23:46:53,30.153,-85.5699,92.91,65,0,19.57
450,Zhangye,CN,2022-06-22 23:46:54,38.9342,100.4517,75.81,35,0,5.77
451,Nioro,GM,2022-06-22 23:46:54,13.35,-15.75,85.98,64,42,6.15
452,Polunochnoye,RU,2022-06-22 23:46:55,60.8697,60.4153,57.74,91,92,3.85
453,Cuiluan,CN,2022-06-22 23:46:55,47.72,128.648,69.06,86,100,2.42
454,Yibin,CN,2022-06-22 23:46:55,28.7667,104.6238,76.57,97,100,3.65
455,Cabral,DO,2022-06-22 23:46:56,18.25,-71.2167,82.26,78,40,13.8
456,Boa Vista,BR,2022-06-22 23:46:02,2.8197,-60.6733,80.58,74,40,3.44
457,Touros,BR,2022-06-22 23:45:35,-5.1989,-35.4608,74.44,91,100,7.29
458,Erzin,TR,2022-06-22 23:46:57,36.9559,36.2,71.83,74,0,1.79
459,Kangaatsiaq,GL,2022-06-22 23:46:57,68.3065,-53.4641,35.71,87,100,5.68
460,Harwich,GB,2022-06-22 23:46:58,51.9419,1.2844,58.24,84,7,4.0
461,Pacific Grove,US,2022-06-22 23:46:58,36.6177,-121.9166,82.51,75,0,8.01
462,Magocs,HU,2022-06-22 23:46:59,46.35,18.2324,66.42,95,100,6.73
463,Mweka,CD,2022-06-22 23:47:59,-4.85,21.5667,66.42,74,23,0.94
464,General Roca,AR,2022-06-22 23:48:00,-39.0333,-67.5833,40.62,64,100,8.7
465,Emerald,AU,2022-06-22 23:48:00,-23.5333,148.1667,64.35,55,0,13.11
466,Sioux Lookout,CA,2022-06-22 23:48:01,50.1001,-91.917,73.47,40,40,6.91
467,Namtsy,RU,2022-06-22 23:48:01,62.7161,129.6658,74.41,46,20,11.3
468,Norman Wells,CA,2022-06-22 23:48:01,65.282,-126.8329,75.24,29,20,11.5
469,Freeport,US,2022-06-22 23:48:02,40.6576,-73.5832,64.38,83,100,11.5
470,Altamira,BR,2022-06-22 23:48:02,-3.2033,-52.2064,72.59,97,64,3.27
471,Bodden Town,KY,2022-06-22 23:48:03,19.2833,-81.25,86.0,73,20,5.99
472,Puerto Colombia,CO,2022-06-22 23:48:03,10.9878,-74.9547,82.49,85,93,12.8
473,Hailar,CN,2022-06-22 23:48:04,49.2,119.7,67.78,63,91,4.03
474,Ghugus,IN,2022-06-22 23:48:04,19.9333,79.1333,79.95,81,76,3.18
475,Troutdale,US,2022-06-22 23:45:15,45.5393,-122.3873,80.56,53,0,8.05
476,Anadyr,RU,2022-06-22 23:48:05,64.75,177.4833,54.1,71,75,13.42
477,Luan,CH,2022-06-22 23:48:06,46.3592,6.9759,56.86,92,90,1.01
478,Zhigansk,RU,2022-06-22 23:48:06,66.7697,123.3711,56.19,52,23,9.89
479,Moose Factory,CA,2022-06-22 23:48:06,51.2585,-80.6094,60.8,59,0,6.91
480,Alice Springs,AU,2022-06-22 23:43:17,-23.7,133.8833,53.15,66,0,0.0
481,Talara,PE,2022-06-22 23:48:08,-4.5772,-81.2719,66.96,77,0,17.27
482,Saint-Prosper,CA,2022-06-22 23:48:08,46.2117,-70.4811,68.29,58,86,12.8
483,Port-Gentil,GA,2022-06-22 23:48:09,-0.7193,8.7815,72.41,79,46,13.89
484,Pitimbu,BR,2022-06-22 23:48:09,-7.4706,-34.8086,70.39,85,100,7.02
485,Biggar,GB,2022-06-22 23:48:10,55.6167,-3.5167,57.7,96,97,5.39
486,Upington,ZA,2022-06-22 23:48:10,-28.4478,21.2561,49.37,85,20,8.61
487,Bustamante,MX,2022-06-22 23:48:10,26.5333,-100.5,93.33,27,57,20.47
488,Yelizovo,RU,2022-06-22 23:48:11,53.1873,158.3805,66.34,63,0,8.99
489,Penzance,GB,2022-06-22 23:48:11,50.1186,-5.5371,59.68,87,1,8.88
490,Adre,TD,2022-06-22 23:48:12,13.4667,22.2,79.05,49,48,3.62
491,Cap Malheureux,MU,2022-06-22 23:48:12,-19.9842,57.6142,66.47,77,12,3.0
492,Slavyanka,RU,2022-06-22 23:48:13,42.8633,131.3847,57.61,99,100,5.88
493,Lieksa,FI,2022-06-22 23:48:13,63.3167,30.0167,54.03,90,99,7.2
494,Hobyo,SO,2022-06-22 23:48:14,5.3505,48.5268,77.59,80,99,24.07
495,Geraldton,AU,2022-06-22 23:48:14,-28.7667,114.6,52.21,100,4,13.8
496,Gorin,RU,2022-06-22 23:48:15,51.1983,136.6669,67.73,85,90,5.86
497,Sibolga,ID,2022-06-22 23:48:16,1.7427,98.7792,76.01,87,100,2.71
498,Kieta,PG,2022-06-22 23:48:16,-6.2167,155.6333,84.56,67,76,3.65
499,Ceres,US,2022-06-22 23:48:17,37.5949,-120.9577,95.79,27,0,4.61
500,Huaiyuan,CN,2022-06-22 23:48:17,32.973,117.1995,84.81,69,100,12.1
501,Grand-Santi,GF,2022-06-22 23:48:18,4.25,-54.3833,72.77,98,90,2.64
502,Orsha,BY,2022-06-22 23:48:18,54.5153,30.4053,50.97,94,27,7.99
503,Huntsville,US,2022-06-22 23:48:18,34.7304,-86.5861,96.6,50,0,10.36
504,Haines Junction,CA,2022-06-22 23:48:19,60.7522,-137.5108,64.35,55,99,9.22
505,San Isidro,PE,2022-06-22 23:48:19,-12.1167,-77.05,63.01,74,20,14.97
506,Putnok,HU,2022-06-22 23:48:20,48.3,20.4333,62.91,67,98,2.59
507,Bushehr,IR,2022-06-22 23:48:20,28.9684,50.8385,87.89,70,0,6.91
508,Oparino,RU,2022-06-22 23:48:21,59.8518,48.2783,50.68,99,100,4.68
509,Rosario Do Sul,BR,2022-06-22 23:49:21,-30.2583,-54.9142,53.17,96,100,11.23
510,Hoima,UG,2022-06-22 23:49:22,1.4356,31.3436,62.4,86,65,2.06
511,Thunder Bay,CA,2022-06-22 23:49:22,48.4001,-89.3168,76.91,33,20,16.11
512,Cumberland,US,2022-06-22 23:49:23,35.0502,-78.8664,95.5,34,0,10.36
513,Bundaberg,AU,2022-06-22 23:49:23,-24.85,152.35,68.22,68,0,3.0
514,Muisne,EC,2022-06-22 23:49:24,0.6,-80.0333,74.39,87,100,14.52
515,Maceio,BR,2022-06-22 23:47:55,-9.6658,-35.7353,71.04,94,100,10.36
516,Jinchang,CN,2022-06-22 23:49:24,38.4953,102.1739,75.02,36,0,3.6
517,Portland,US,2022-06-22 23:44:36,45.5234,-122.6762,81.18,55,20,9.22
518,Okitipupa,NG,2022-06-22 23:49:25,6.5047,4.7839,72.18,99,100,0.72
519,Tiznit,MA,2022-06-22 23:49:25,29.5833,-9.5,61.56,63,4,2.1
520,Pleshanovo,RU,2022-06-22 23:49:26,52.8333,53.4833,68.31,66,91,12.41
521,Jaisalmer,IN,2022-06-22 23:49:26,26.9147,70.9181,86.0,48,0,10.67
522,Coffs Harbour,AU,2022-06-22 23:49:27,-30.3,153.1333,60.76,67,0,4.61
523,Lake Havasu City,US,2022-06-22 23:49:27,34.4839,-114.3224,107.06,13,0,13.8
524,Mayo,US,2022-06-22 23:49:27,38.8876,-76.5119,76.66,89,100,15.99
525,Orasac,BA,2022-06-22 23:49:28,44.6289,16.0711,70.75,66,97,4.25
526,Krasnoselkup,RU,2022-06-22 23:49:28,65.7,82.4667,71.46,47,41,10.67
527,Salisbury,GB,2022-06-22 23:49:29,51.0693,-1.7957,63.81,73,0,4.61
528,Vao,NC,2022-06-22 23:49:29,-22.6667,167.4833,71.51,64,99,16.17
529,Pishin,PK,2022-06-22 23:49:30,30.5803,66.9961,66.15,64,0,4.25
530,Tautira,PF,2022-06-22 23:49:30,-17.7333,-149.15,79.54,72,11,11.95
531,Sungaipenuh,ID,2022-06-22 23:49:31,-2.0833,101.3833,64.67,95,96,1.97
532,Kaeo,NZ,2022-06-22 23:49:31,-35.1,173.7833,57.85,77,34,7.2
533,Kamenka,RU,2022-06-22 23:49:32,51.3223,42.7678,60.51,95,96,5.7
534,Obidos,BR,2022-06-22 23:49:32,-1.9175,-55.5181,76.37,79,35,4.18
535,Blyth,GB,2022-06-22 23:49:33,55.1271,-1.5086,57.47,86,70,5.75
536,Tura,IN,2022-06-22 23:49:33,25.5198,90.2201,73.83,97,84,4.99
537,Dumas,US,2022-06-22 23:49:34,35.8656,-101.9732,90.54,35,0,6.91
538,Charters Towers,AU,2022-06-22 23:49:34,-20.1,146.2667,66.85,44,0,11.79
539,Batsfjord,NO,2022-06-22 23:49:34,70.6345,29.7185,42.73,87,100,3.49
540,Nantucket,US,2022-06-22 23:49:35,41.2835,-70.0995,66.34,85,20,10.36
541,Tabuk,PH,2022-06-22 23:49:35,17.4189,121.4443,79.99,74,96,3.89
542,Akdepe,TM,2022-06-22 23:49:36,42.0551,59.3788,73.49,19,0,9.28
543,Abnub,EG,2022-06-22 23:49:36,27.2696,31.1511,80.06,39,0,13.33
544,Tres Arroyos,AR,2022-06-22 23:49:37,-38.3739,-60.2798,37.42,81,96,3.85
545,Odlabari,IN,2022-06-22 23:49:37,26.8333,88.6167,77.72,93,73,2.71
546,Mandalgovi,MN,2022-06-22 23:49:38,45.7625,106.2708,64.49,43,32,13.35
547,Porto Tolle,IT,2022-06-22 23:49:38,44.9497,12.3245,74.03,69,47,4.9
548,Adiake,CI,2022-06-22 23:49:38,5.2863,-3.304,75.07,91,99,6.51
549,Qom,IR,2022-06-22 23:49:39,34.6401,50.8764,80.28,14,0,10.36
550,Kerema,PG,2022-06-22 23:49:39,-7.9631,145.7785,81.32,77,24,1.36
551,Klichka,RU,2022-06-22 23:49:40,50.4457,117.996,69.39,47,100,7.16
552,Chicama,PE,2022-06-22 23:49:40,-7.8447,-79.1469,61.34,79,16,6.11
553,Marsaxlokk,MT,2022-06-22 23:49:41,35.8419,14.5431,76.08,46,0,3.44
554,Najran,SA,2022-06-22 23:50:41,17.4924,44.1277,83.05,42,96,5.37
555,Kristiinankaupunki,FI,2022-06-22 23:50:42,62.2743,21.376,54.93,95,100,10.85
556,Seydi,TM,2022-06-22 23:50:42,39.4816,62.9137,78.42,27,0,9.66
557,Hay River,CA,2022-06-22 23:50:43,60.8156,-115.7999,55.36,54,75,12.66
558,Torva,EE,2022-06-22 23:50:43,58.0028,25.935,52.11,67,45,3.44
559,Itapirapua,BR,2022-06-22 23:50:43,-15.8233,-50.6133,71.76,31,27,1.72
560,Tambopata,PE,2022-06-22 23:50:44,-12.7333,-69.1833,73.89,69,27,0.83
561,Bahia De Caraquez,EC,2022-06-22 23:50:44,-0.6,-80.4167,73.58,84,98,12.48
562,Znamenskoye,RU,2022-06-22 23:50:45,57.1281,73.8282,57.06,98,100,6.87
563,Storslett,NO,2022-06-22 23:50:45,69.7678,21.0247,53.6,62,100,20.71
564,Ajdabiya,LY,2022-06-22 23:50:46,30.7554,20.2263,75.13,67,0,10.0
565,Benjamin Hill,MX,2022-06-22 23:50:46,30.1667,-111.1,98.53,22,0,9.46
566,Solnechnyy,RU,2022-06-22 23:50:46,50.7214,136.6319,66.25,87,97,4.81
567,Yeppoon,AU,2022-06-22 23:50:47,-23.1333,150.7333,64.18,61,0,9.42
568,Portree,GB,2022-06-22 23:50:47,57.4129,-6.1942,52.52,97,99,11.9
569,Kawalu,ID,2022-06-22 23:50:48,-7.3817,108.2082,72.27,96,100,1.54
570,Bilma,NE,2022-06-22 23:50:48,18.6853,12.9164,91.72,14,2,6.46
571,Naujamiestis,LT,2022-06-22 23:50:49,55.6869,24.1523,52.09,87,89,3.96
572,Loreto,MX,2022-06-22 23:50:49,22.2667,-101.9667,68.72,54,69,24.29
